id;title;content;date;date_delivry
1;back-end Vermont;../fake-data/blob/hipster.txt;2021-03-27T02:45:45;2021-03-26T17:50:40
2;calculating;../fake-data/blob/hipster.txt;2021-03-26T20:54:05;2021-03-26T16:44:43
3;portals Vermont Savings Account;../fake-data/blob/hipster.txt;2021-03-26T13:51:36;2021-03-26T11:43:23
4;Auto Loan Account systems Progressive;../fake-data/blob/hipster.txt;2021-03-26T17:29:22;2021-03-26T18:16:47
5;partnerships;../fake-data/blob/hipster.txt;2021-03-26T15:12:16;2021-03-26T22:07:26
6;Mississippi;../fake-data/blob/hipster.txt;2021-03-26T15:47:23;2021-03-26T23:31:33
7;Faroe Islands;../fake-data/blob/hipster.txt;2021-03-27T06:29:36;2021-03-26T13:10:46
8;Solutions;../fake-data/blob/hipster.txt;2021-03-26T12:34:14;2021-03-27T09:28:01
9;Chief exploit;../fake-data/blob/hipster.txt;2021-03-27T02:30:25;2021-03-26T13:46:36
10;Car;../fake-data/blob/hipster.txt;2021-03-26T18:32:51;2021-03-26T21:06:25
