id;entreprisename;description;date
1;Nakfa Usability back-end;../fake-data/blob/hipster.txt;2021-03-26T16:49:40
2;Tanzanian Shilling;../fake-data/blob/hipster.txt;2021-03-26T19:44:23
3;Cyprus Investment Account;../fake-data/blob/hipster.txt;2021-03-26T11:53:01
4;index;../fake-data/blob/hipster.txt;2021-03-26T14:26:05
5;3rd generation;../fake-data/blob/hipster.txt;2021-03-27T05:02:11
6;SDD Automotive;../fake-data/blob/hipster.txt;2021-03-26T18:04:01
7;Identity Credit Card Account navigating;../fake-data/blob/hipster.txt;2021-03-26T22:32:25
8;Home Engineer;../fake-data/blob/hipster.txt;2021-03-26T23:20:52
9;input;../fake-data/blob/hipster.txt;2021-03-27T07:29:45
10;mindshare Infrastructure;../fake-data/blob/hipster.txt;2021-03-26T19:39:49
